v1.0.1+17,,,,,,,,
ID,Módulo,Descripción del Test,Resultado Esperado,Estado Actual (v1.0.1+17),Comentarios,,,Firma QA
CONFIGURACIÓN INICIAL,,,,,,,,
CU-CFG-001,Inicial,POS Nuevo escanea Token QR válido y obtiene access_token,Se obtiene access_token y refresh_token válidos; POS queda habilitado con el cierre vigente cargado,Pendiente,,,,
CU-CFG-002,Inicial,POS Nuevo escanea Token QR vencido (>10m),Sistema rechaza el QR y muestra mensaje de error; solicita nuevo QR o login con usuario/contraseña en bsecurity,Pendiente,,,,
CU-CFG-003,Inicial,access_token vencido se refresca automáticamente con refresh_token,La sesión se renueva sin intervención del operador; si falla el refresh solicita usuario y contraseña en bsecurity,Pendiente,,,,
CIERRES Y HORARIOS,,,,,,,,
CU-CIE-001,Cierres,"Antes de las 14hs: ambos sorteos (Vesp y Noct) están apostables","El cierre muestra Vesp y Noct disponibles; se puede apostar a ambos",Pendiente,,,,
CU-CIE-002,Cierres,Pasadas las 14hs: solo el sorteo Nocturno queda apostable,El Vespertino desaparece de los sorteos disponibles; solo se puede apostar al Nocturno,Pendiente,,,,
CU-CIE-003,Cierres,Pasadas las 20hs: ningún sorteo de Juegos Tradicionales está apostable,Quiniela y Tómbola no permiten nuevas apuestas; el sistema muestra que no hay cierres activos,Pendiente,,,,
CU-CIE-004,Cierres,Miércoles pasadas las 20hs: 5 de Oro no disponible hasta las 22:30,El sistema rechaza apuestas al 5 de Oro y no lo muestra hasta que el servidor libere el siguiente cierre,Pendiente,,,,
CU-CIE-005,Cierres,El cambio de cierre se actualiza automáticamente (sin reiniciar POS),Al expirar `fechaCierre` el sistema actualiza los sorteos apostables en forma automática sin intervención del operador,Pendiente,Revisar si actualiza sin refresco manual,,,
QUINIELA,,,,,,,,
QUI-1CS-001,Quiniela,1 cifra: sorteos Vesp+Noct $50 -> carrito $100,Carrito $100 y campos limpios,Automatizado,Automatizado,,
QUI-1CE-002,Quiniela,1 cifra: premio al límite (premio 20) $20,Jugada aceptada,Automatizado,Automatizado,,
QUI-1CE-003,Quiniela,1 cifra: premio fuera de rango (ej. 30) -> truncar a 3,Jugada aceptada con premio truncado,Pendiente,,,,
QUI-1CA-004,Quiniela,1 cifra: apuesta menor a la mínima $0,Error UIException y carrito sin cambios,Pendiente,,,,
QUI-1CB-005,Quiniela,1 cifra: apuesta mayor a la máxima $5000,Error UIException y carrito sin cambios,Pendiente,,,,
QUI-2CS-001,Quiniela,2 cifras: Vesp+Noct $50 -> carrito $100,Carrito $100 y campos limpios,Automatizado,Automatizado,,
QUI-2CE-002,Quiniela,2 cifras: premio al límite (premio 20),Jugada aceptada,Automatizado,Automatizado,,
QUI-2CE-003,Quiniela,2 cifras: premio fuera de rango -> truncar,Jugada con premio truncado,Pendiente,,,,
QUI-2CA-004,Quiniela,2 cifras: apuesta menor a la mínima,Error UIException,Pendiente,,,,
QUI-2CB-005,Quiniela,2 cifras: apuesta mayor a la máxima,Error UIException,Pendiente,,,,
QUI-RED-001,Quiniela,Redoblona: Vesp+Noct nros válidos $50 -> $100,Carrito $100 y campos limpios,Automatizado,Automatizado,,
QUI-RED-002,Quiniela,Redoblona: un sorteo nros válidos $50,Carrito $50 y campos limpios,Automatizado,Automatizado,,
QUI-RED-003,Quiniela,Redoblona: premio fuera de rango en 2do número,Error de validación,Pendiente,,,,
QUI-RED-004,Quiniela,Redoblona: premio inválido en 2do número,Error con monto carrito sin cambios,Pendiente,,,,
QUI-RED-005,Quiniela,Redoblona sorpresa $400,Carrito con monto de apuesta,Automatizado,Automatizado,,
QUI-3CS-001,Quiniela,3 cifras: Vesp+Noct $50 -> carrito $100,Carrito $100 y campos limpios,Automatizado,Automatizado,,
QUI-3CE-002,Quiniela,3 cifras sorpresa: Vesp+Noct $50 -> carrito $100,Carrito $100 y campos limpios,Automatizado,Automatizado,,
QUI-3CE-003,Quiniela,3 cifras: premio al límite (premio 20),Jugada aceptada,Automatizado,Automatizado,,
QUI-3CE-004,Quiniela,3 cifras: premio fuera de rango -> truncar,Jugada con premio truncado,Pendiente,,,,
QUI-3CA-005,Quiniela,3 cifras: apuesta menor a la mínima,Error UIException,Pendiente,,,,
QUI-3CB-006,Quiniela,3 cifras: apuesta mayor a la máxima,Error UIException,Pendiente,,,,
QUI-3CC-007,Quiniela,3 cifras: premio 0 -> error de validación,Error en campo Premio y carrito sin cambios,Pendiente,,,,
TÓMBOLA,,,,,,,,
TOM-1NU-001,Tómbola,Rechazar jugada con 1 número (insuficiente),Carrito $0 + mensaje error,Automatizado,Automatizado,,
TOM-2NU-001,Tómbola,Rechazar jugada con 2 números (insuficiente),Carrito $0 + mensaje error,Automatizado,Automatizado,,
TOM-3NU-001,Tómbola,Jugada exitosa con 3 números en dos sorteos,Carrito $100 y campos limpios,Automatizado,Automatizado,,
TOM-4NU-001,Tómbola,Jugada exitosa con 4 números en Vespertino,$50 en carrito y campos limpios,Automatizado,Automatizado,,
TOM-5NU-001,Tómbola,Jugada exitosa con 5 números en Nocturno,$50 en carrito y campos limpios,Automatizado,Automatizado,,
TOM-6NU-001,Tómbola,Jugada exitosa con 6 números en Nocturno,$50 en carrito y campos limpios,Automatizado,Automatizado,,
TOM-6NU-002,Tómbola,Jugada con 6 números tras borrar uno de la sorpresa,$100 en carrito con 6 números,Automatizado,Automatizado,,
TOM-7NU-001,Tómbola,Jugada exitosa con 7 números,$50 en carrito y campos limpios,Automatizado,Automatizado,,
TOM-7NU-002,Tómbola,Rechazar jugada 7 nums por monto bajo mínimo (ej $20),Carrito $0 y mensaje de error de monto,Automatizado,Automatizado,,
TOM-7NU-003,Tómbola,Rechazar jugada 7 nums por monto sobre máximo (ej $1000),Carrito $0 y mensaje de error de monto,Automatizado,Automatizado,,
TOM-7NU-004,Tómbola,Jugada de 7 números por sorpresa,$100 en carrito y 7 números generados,Automatizado,Automatizado,,
5 DE ORO,,,,,,,,
ORO-C5N-001,5 de Oro,Jugada de 5 Números Común sorpresa,El sistema agrega la jugada correctamente y el total de la venta se actualiza,Automatizado,Automatizado,,
ORO-R5S-001,5 de Oro,Jugada de 5 Números Revancha sorpresa,El sistema agrega la jugada correctamente y el total de la venta se actualiza,Automatizado,Automatizado,,
ORO-R5M-002,5 de Oro,Jugada de 5 Números Revancha manual "1 2 3 4 48",El sistema agrega la jugada correctamente y el total de la venta se actualiza,Automatizado,Automatizado,,
ORO-R5E-003,5 de Oro,Jugada de 5 Números Revancha con nro fuera de rango,Error indicando que el número está fuera de rango y no agrega la jugada,Automatizado,Automatizado,,
ORO-CM4-001,5 de Oro,Jugada de 4 Números Común sorpresa,El sistema agrega la jugada correctamente y el total de la venta se actualiza,Automatizado,Automatizado,,
ORO-CM6-002,5 de Oro,Jugada de 6 Números Común,El sistema agrega la jugada correctamente y el total de la venta se actualiza,Automatizado,Automatizado,,
ORO-CM7-003,5 de Oro,Jugada de 7 Números Común,El sistema agrega la jugada correctamente y el total de la venta se actualiza,Automatizado,Automatizado,,
ORO-CM8-004,5 de Oro,Jugada de 8 Números Común,El sistema agrega la jugada correctamente y el total de la venta se actualiza,Automatizado,Automatizado,,
ORO-RM4-001,5 de Oro,Jugada de 4 Números Revancha sorpresa,El sistema agrega la jugada correctamente y el total de la venta se actualiza,Automatizado,Automatizado,,
ORO-RM6-002,5 de Oro,Jugada de 6 Números Revancha,El sistema agrega la jugada correctamente y el total de la venta se actualiza,Automatizado,Automatizado,,
ORO-RM7-003,5 de Oro,Jugada de 7 Números Revancha,El sistema agrega la jugada correctamente y el total de la venta se actualiza,Automatizado,Automatizado,,
ORO-RM8-004,5 de Oro,Jugada de 8 Números Revancha,El sistema agrega la jugada correctamente y el total de la venta se actualiza,Automatizado,Automatizado,,
ORO-FR5-001,5 de Oro,Jugada de 5 Números Revancha a 3 sorteos futuros sorpresa,El sistema agrega las jugadas correctamente y el total de la venta se actualiza,Automatizado,Automatizado,,
SUPERMATCH,,,,,,,,
SUP-SUC-001,Supermatch,Ingresar una prearmada existente y agregarla al carrito,Se listan las lineas y opciones de la prearmada y se almacena en el carrito,Automatizado,Automatizado,,
SUP-INV-002,Supermatch,Ingresar una prearmada no existente y buscarla,Se muestra un cartel de error,Pendiente,,,,
SERVICIOS DIGITALES,,,,,,,,
PWC-ERR-001,Digitales,Pines Web: Carga con C.I. inválida,El sistema no lo agrega al carrito y muestra error de C.I. inválida,Automatizado,Automatizado,,
PWC-OK1-002,Digitales,Pines Web: Carga con C.I. válida,El sistema lo agrega al carrito correctamente,Automatizado,Automatizado,,
PWC-OK2-003,Digitales,Pines Web: Carga con C.I. válida y monto alto,El sistema lo agrega al carrito correctamente,Automatizado,Automatizado,,
REC-INV-001,Digitales,Recarga Telefónica: Número inválido,El sistema no la agrega al carrito y muestra número inválido,Automatizado,Automatizado,,
REC-SUC-002,Digitales,Recarga Telefónica: Carga exitosa,El sistema la agrega al carrito y actualiza el total,Automatizado,Automatizado,,
REC-INV-003,Digitales,Recarga Telefónica: Monto inválido,El sistema no la agrega e indica monto inválido,Automatizado,Automatizado,,
MI NEGOCIO,,,,,,,,
RVS-RES-001,Mi Negocio,Ver resumen de ventas del día,Se cargan los datos de la fecha de hoy,Automatizado,Automatizado,,
RVS-FCH-002,Mi Negocio,Cambiar la fecha en el resumen de ventas,Se cargan los datos de la fecha seleccionada,Automatizado,Automatizado,,
RVS-APU-003,Mi Negocio,Ver resumen de ventas de apuestas agrupadas por producto,Categorizadas por productos y total de apuestas,Automatizado,Automatizado,,
RVS-REC-004,Mi Negocio,Ver resumen de ventas de recargas,Muestra texto "No hay recargas" si aplica,Automatizado,Automatizado,,
RVS-ANU-005,Mi Negocio,Ver resumen de ventas de tickets anulados,Muestra tickets y cantidad al final,Automatizado,Automatizado,,
ANU-PND-001,Mi Negocio,Ver anulados pendientes de entrega,Muestra lista de cupones,Automatizado,Automatizado,,
ANU-ENT-002,Mi Negocio,Ver anulados entregados,Muestra lista de cupones,Automatizado,Automatizado,,
ANU-COB-003,Mi Negocio,Ver anulados cobrados forzosamente,Muestra lista de cupones,Automatizado,Automatizado,,
ACP-PND-001,Mi Negocio,Ver aciertos pagos pendientes de entrega,Listado de aciertos pendientes,Automatizado,Automatizado,,
ACP-ENT-002,Mi Negocio,Ver aciertos pagos entregados,Listado de aciertos entregados,Automatizado,Automatizado,,
CTC-LST-001,Mi Negocio,Ver listado de movimientos en cuenta corriente,Saldo actual y movimientos,Automatizado,Automatizado,,
ACR-FUL-001,Mi Negocio,Ver aciertos recientes con detalle completo,Listado y despliegue de detalle con tap,Automatizado,Automatizado,,
CONFIGURACIÓN,,,,,,,,
SRT-CRG-001,Config,Ver sorteos actuales cargados,Se muestran los sorteos cargados,Automatizado,Automatizado,,
SRT-ACT-002,Config,Actualizar sorteos actuales,Se muestran los nuevos sorteos,Automatizado,Automatizado,,
ANULACIONES,,,,,,,,
CU-CAN-001,Anula,Anular ticket inmediato (Quiniela/Tómbola),Ticket anulado correctamente,Pendiente,,,,
CU-CAN-002,Anula,Anular ticket diferido (5 de Oro),Permite anular siempre que el sorteo no haya cerrado o pasado el tiempo límite,Aplica,Automatizado,,
CU-CAN-003,Anula,Intentar anular ticket fuera de plazo,Sistema arroja error "Anulación fuera de plazo",Aplica,Automatizado,,
CU-CAN-004,Anula,Anular ticket de Juego Instantáneo (Digitales / Recargas),Informa que el producto no permite anulación,Aplica,Automatizado,,
PAGOS DE ACIERTOS,,,,,,,,
CU-PAG-001,Pagos,Pagar acierto,Validación exitosa; emisión de comprobante de pago,Pendiente,,,,
CU-PAG-002,Pagos,Pagar acierto (Tómbola),Validación exitosa; emisión de comprobante de pago,Pendiente,,,,
CU-PAG-003,Pagos,Pago de ticket ganador menor a $10.000,Descuenta el monto del saldo de la terminal (Caja),Aplica,Automatizado,,
CU-PAG-004,Pagos,Pago de ticket con premio mayor (Dirigir a Banca),Muestra mensaje "Premio Mayor: Dirigirse a Banca",Aplica,Automatizado,,
CU-PAG-005,Pagos,Cobro ticket vencido (>30 días o según ley),-,Pendiente,Revisar mensajes y caso de uso,,,
IMPRESIÓN,,,,,,,,
CU-IMP-001,Printer,Impresión de ticket legible,CB legible por scanner; datos de agencia y fecha correctos,Pendiente,,,,
CU-IMP-002,Printer,Falta de papel durante impresión,Sistema detecta error y permite re-imprimir una vez cargado el papel,Pendiente,,,,
SIN CONECTIVIDAD (A DETERMINAR),,,,,,,,
CU-OFF-001,Offline,Intento de venta sin internet,Sistema debe informar falta de conexión (si no hay modo offline permitido),Pendiente,Pendiente de definir caso de uso,,,
CU-OFF-002,Offline,Reintento automático al recuperar conexión,Sincronización de transacciones pendientes en el POS,Pendiente,Pendiente de definir caso de uso,,,
UX Y NAVEGACIÓN,,,,,,,,
CU-NAV-001,UX,Tiempo de respuesta entre pantallas < 1s,Navegación fluida sin lags perceptibles,Pendiente,"v1.0.1+17 corre en debug build (sin AOT). La app se ve ~10fps vs la fluidez de la v1.0.1+12 (release). Confirmar en release mode antes de aprobar UX. Tema para reunión martes.",,,
REGLAS DE NEGOCIO (SORTEOS),,,,,,,,
CU-RN-001,Reglas,Control de horario de cierre estricto,No permite vender Quiniela/Tómbola si el reloj del POS > hora de cierre del sorteo,Pendiente,Revisar caso de uso,,,
CU-RN-002,Reglas,Importes mínimos y máximos por apuesta,Sistema valida que la apuesta esté en el rango permitido antes de emitir,Pendiente,,,,
ALTERNATIVAS,,,,,,,,
CU-ALT-001,Alternativas,Jugada rechazada SIN alternativa,Sistema informa jugada rechazada, solo deja confirmar,Pendiente,,,,
CU-ALT-002,Alternativas,Jugada rechazada CON alternativa,Sistema propone alternativas parciales de la banca,Pendiente,,,,
CU-ALT-003,Alternativas,Rechazar alternativa (No confirmar),Permite cancelar la operación sin agregar nada al carrito,Aplica,Automatizado,,
CU-ALT-004,Alternativas,Cerrar ventana de alternativas (X / Escape),Acción interpretada como rechazo implícito,Aplica,Automatizado,,
CARRITO,,,,,,,,
CU-CAR-001,Carrito,Acumulación de jugadas,Suma de importes correcta al agregar múltiples tickets (incluyendo alternativas aceptadas),Aplica,Automatizado,,
CU-CAR-002,Carrito,Eliminar una jugada específica del carrito,Permite quitar un ticket específico antes de la confirmación de pago,Aplica,Automatizado,,
CU-CAR-003,Carrito,Vaciar el carrito completamente,Eliminar todas las jugadas del carrito en una sola acción,Aplica,Automatizado,,
CU-CAR-004,Carrito,Intentar comprar con carrito vacío,Bloqueo de la acción de compra cuando no hay jugadas ingresadas,Aplica,Automatizado,,
v1.0.1+17,,,,,,,,
ID,Módulo,Descripción del Test,Resultado Esperado,Estado Actual (v1.0.1+17),Comentarios,,,Firma QA
CONFIGURACIÓN INICIAL,,,,,,,,
CU-CFG-001,Inicial,POS Nuevo escanea Token QR válido y obtiene access_token,Se obtiene access_token y refresh_token válidos; POS queda habilitado con el cierre vigente cargado,Pendiente,,,,
CU-CFG-002,Inicial,POS Nuevo escanea Token QR vencido (>10m),Sistema rechaza el QR y muestra mensaje de error; solicita nuevo QR o login con usuario/contraseña en bsecurity,Pendiente,,,,
CU-CFG-003,Inicial,access_token vencido se refresca automáticamente con refresh_token,La sesión se renueva sin intervención del operador; si falla el refresh solicita usuario y contraseña en bsecurity,Pendiente,,,,
CIERRES Y HORARIOS,,,,,,,,
CU-CIE-001,Cierres,"Antes de las 14hs: ambos sorteos (Vesp y Noct) están apostables","El cierre muestra Vesp y Noct disponibles; se puede apostar a ambos",Pendiente,,,,
CU-CIE-002,Cierres,Pasadas las 14hs: solo el sorteo Nocturno queda apostable,El Vespertino desaparece de los sorteos disponibles; solo se puede apostar al Nocturno,Pendiente,,,,
CU-CIE-003,Cierres,Pasadas las 20hs: ningún sorteo de Juegos Tradicionales está apostable,Quiniela y Tómbola no permiten nuevas apuestas; el sistema muestra que no hay cierres activos,Pendiente,,,,
CU-CIE-004,Cierres,Miércoles pasadas las 20hs: 5 de Oro no disponible hasta las 22:30,El sistema rechaza apuestas al 5 de Oro y no lo muestra hasta que el servidor libere el siguiente cierre,Pendiente,,,,
CU-CIE-005,Cierres,El cambio de cierre se actualiza automáticamente (sin reiniciar POS),Al expirar `fechaCierre` el sistema actualiza los sorteos apostables en forma automática sin intervención del operador,Pendiente,Revisar si actualiza sin refresco manual,,,
QUINIELA,,,,,,,,
QUI-1CS-001,Quiniela,1 cifra: sorteos Vesp+Noct $50 -> carrito $100,Carrito $100 y campos limpios,Automatizado,Automatizado,,
QUI-1CE-002,Quiniela,1 cifra: premio al límite (premio 20) $20,Jugada aceptada,Automatizado,Automatizado,,
QUI-1CE-003,Quiniela,1 cifra: premio fuera de rango (ej. 30) -> truncar a 3,Jugada aceptada con premio truncado,Pendiente,,,,
QUI-1CA-004,Quiniela,1 cifra: apuesta menor a la mínima $0,Error UIException y carrito sin cambios,Pendiente,,,,
QUI-1CB-005,Quiniela,1 cifra: apuesta mayor a la máxima $5000,Error UIException y carrito sin cambios,Pendiente,,,,
QUI-2CS-001,Quiniela,2 cifras: Vesp+Noct $50 -> carrito $100,Carrito $100 y campos limpios,Automatizado,Automatizado,,
QUI-2CE-002,Quiniela,2 cifras: premio al límite (premio 20),Jugada aceptada,Automatizado,Automatizado,,
QUI-2CE-003,Quiniela,2 cifras: premio fuera de rango -> truncar,Jugada con premio truncado,Pendiente,,,,
QUI-2CA-004,Quiniela,2 cifras: apuesta menor a la mínima,Error UIException,Pendiente,,,,
QUI-2CB-005,Quiniela,2 cifras: apuesta mayor a la máxima,Error UIException,Pendiente,,,,
QUI-RED-001,Quiniela,Redoblona: Vesp+Noct nros válidos $50 -> $100,Carrito $100 y campos limpios,Automatizado,Automatizado,,
QUI-RED-002,Quiniela,Redoblona: un sorteo nros válidos $50,Carrito $50 y campos limpios,Automatizado,Automatizado,,
QUI-RED-003,Quiniela,Redoblona: premio fuera de rango en 2do número,Error de validación,Pendiente,,,,
QUI-RED-004,Quiniela,Redoblona: premio inválido en 2do número,Error con monto carrito sin cambios,Pendiente,,,,
QUI-RED-005,Quiniela,Redoblona sorpresa $400,Carrito con monto de apuesta,Automatizado,Automatizado,,
QUI-3CS-001,Quiniela,3 cifras: Vesp+Noct $50 -> carrito $100,Carrito $100 y campos limpios,Automatizado,Automatizado,,
QUI-3CE-002,Quiniela,3 cifras sorpresa: Vesp+Noct $50 -> carrito $100,Carrito $100 y campos limpios,Automatizado,Automatizado,,
QUI-3CE-003,Quiniela,3 cifras: premio al límite (premio 20),Jugada aceptada,Automatizado,Automatizado,,
QUI-3CE-004,Quiniela,3 cifras: premio fuera de rango -> truncar,Jugada con premio truncado,Pendiente,,,,
QUI-3CA-005,Quiniela,3 cifras: apuesta menor a la mínima,Error UIException,Pendiente,,,,
QUI-3CB-006,Quiniela,3 cifras: apuesta mayor a la máxima,Error UIException,Pendiente,,,,
QUI-3CC-007,Quiniela,3 cifras: premio 0 -> error de validación,Error en campo Premio y carrito sin cambios,Pendiente,,,,
TÓMBOLA,,,,,,,,
TOM-1NU-001,Tómbola,Rechazar jugada con 1 número (insuficiente),Carrito $0 + mensaje error,Automatizado,Automatizado,,
TOM-2NU-001,Tómbola,Rechazar jugada con 2 números (insuficiente),Carrito $0 + mensaje error,Automatizado,Automatizado,,
TOM-3NU-001,Tómbola,Jugada exitosa con 3 números en dos sorteos,Carrito $100 y campos limpios,Automatizado,Automatizado,,
TOM-4NU-001,Tómbola,Jugada exitosa con 4 números en Vespertino,$50 en carrito y campos limpios,Automatizado,Automatizado,,
TOM-5NU-001,Tómbola,Jugada exitosa con 5 números en Nocturno,$50 en carrito y campos limpios,Automatizado,Automatizado,,
TOM-6NU-001,Tómbola,Jugada exitosa con 6 números en Nocturno,$50 en carrito y campos limpios,Automatizado,Automatizado,,
TOM-6NU-002,Tómbola,Jugada con 6 números tras borrar uno de la sorpresa,$100 en carrito con 6 números,Automatizado,Automatizado,,
TOM-7NU-001,Tómbola,Jugada exitosa con 7 números,$50 en carrito y campos limpios,Automatizado,Automatizado,,
TOM-7NU-002,Tómbola,Rechazar jugada 7 nums por monto bajo mínimo (ej $20),Carrito $0 y mensaje de error de monto,Automatizado,Automatizado,,
TOM-7NU-003,Tómbola,Rechazar jugada 7 nums por monto sobre máximo (ej $1000),Carrito $0 y mensaje de error de monto,Automatizado,Automatizado,,
TOM-7NU-004,Tómbola,Jugada de 7 números por sorpresa,$100 en carrito y 7 números generados,Automatizado,Automatizado,,
5 DE ORO,,,,,,,,
ORO-C5N-001,5 de Oro,Jugada de 5 Números Común sorpresa,El sistema agrega la jugada correctamente y el total de la venta se actualiza,Automatizado,Automatizado,,
ORO-R5S-001,5 de Oro,Jugada de 5 Números Revancha sorpresa,El sistema agrega la jugada correctamente y el total de la venta se actualiza,Automatizado,Automatizado,,
ORO-R5M-002,5 de Oro,Jugada de 5 Números Revancha manual "1 2 3 4 48",El sistema agrega la jugada correctamente y el total de la venta se actualiza,Automatizado,Automatizado,,
ORO-R5E-003,5 de Oro,Jugada de 5 Números Revancha con nro fuera de rango,Error indicando que el número está fuera de rango y no agrega la jugada,Automatizado,Automatizado,,
ORO-CM4-001,5 de Oro,Jugada de 4 Números Común sorpresa,El sistema agrega la jugada correctamente y el total de la venta se actualiza,Automatizado,Automatizado,,
ORO-CM6-002,5 de Oro,Jugada de 6 Números Común,El sistema agrega la jugada correctamente y el total de la venta se actualiza,Automatizado,Automatizado,,
ORO-CM7-003,5 de Oro,Jugada de 7 Números Común,El sistema agrega la jugada correctamente y el total de la venta se actualiza,Automatizado,Automatizado,,
ORO-CM8-004,5 de Oro,Jugada de 8 Números Común,El sistema agrega la jugada correctamente y el total de la venta se actualiza,Automatizado,Automatizado,,
ORO-RM4-001,5 de Oro,Jugada de 4 Números Revancha sorpresa,El sistema agrega la jugada correctamente y el total de la venta se actualiza,Automatizado,Automatizado,,
ORO-RM6-002,5 de Oro,Jugada de 6 Números Revancha,El sistema agrega la jugada correctamente y el total de la venta se actualiza,Automatizado,Automatizado,,
ORO-RM7-003,5 de Oro,Jugada de 7 Números Revancha,El sistema agrega la jugada correctamente y el total de la venta se actualiza,Automatizado,Automatizado,,
ORO-RM8-004,5 de Oro,Jugada de 8 Números Revancha,El sistema agrega la jugada correctamente y el total de la venta se actualiza,Automatizado,Automatizado,,
ORO-FR5-001,5 de Oro,Jugada de 5 Números Revancha a 3 sorteos futuros sorpresa,El sistema agrega las jugadas correctamente y el total de la venta se actualiza,Automatizado,Automatizado,,
SUPERMATCH,,,,,,,,
SUP-SUC-001,Supermatch,Ingresar una prearmada existente y agregarla al carrito,Se listan las lineas y opciones de la prearmada y se almacena en el carrito,Automatizado,Automatizado,,
SUP-INV-002,Supermatch,Ingresar una prearmada no existente y buscarla,Se muestra un cartel de error,Pendiente,,,,
SERVICIOS DIGITALES,,,,,,,,
PWC-ERR-001,Digitales,Pines Web: Carga con C.I. inválida,El sistema no lo agrega al carrito y muestra error de C.I. inválida,Automatizado,Automatizado,,
PWC-OK1-002,Digitales,Pines Web: Carga con C.I. válida,El sistema lo agrega al carrito correctamente,Automatizado,Automatizado,,
PWC-OK2-003,Digitales,Pines Web: Carga con C.I. válida y monto alto,El sistema lo agrega al carrito correctamente,Automatizado,Automatizado,,
REC-INV-001,Digitales,Recarga Telefónica: Número inválido,El sistema no la agrega al carrito y muestra número inválido,Automatizado,Automatizado,,
REC-SUC-002,Digitales,Recarga Telefónica: Carga exitosa,El sistema la agrega al carrito y actualiza el total,Automatizado,Automatizado,,
REC-INV-003,Digitales,Recarga Telefónica: Monto inválido,El sistema no la agrega e indica monto inválido,Automatizado,Automatizado,,
MI NEGOCIO,,,,,,,,
RVS-RES-001,Mi Negocio,Ver resumen de ventas del día,Se cargan los datos de la fecha de hoy,Automatizado,Automatizado,,
RVS-FCH-002,Mi Negocio,Cambiar la fecha en el resumen de ventas,Se cargan los datos de la fecha seleccionada,Automatizado,Automatizado,,
RVS-APU-003,Mi Negocio,Ver resumen de ventas de apuestas agrupadas por producto,Categorizadas por productos y total de apuestas,Automatizado,Automatizado,,
RVS-REC-004,Mi Negocio,Ver resumen de ventas de recargas,Muestra texto "No hay recargas" si aplica,Automatizado,Automatizado,,
RVS-ANU-005,Mi Negocio,Ver resumen de ventas de tickets anulados,Muestra tickets y cantidad al final,Automatizado,Automatizado,,
ANU-PND-001,Mi Negocio,Ver anulados pendientes de entrega,Muestra lista de cupones,Automatizado,Automatizado,,
ANU-ENT-002,Mi Negocio,Ver anulados entregados,Muestra lista de cupones,Automatizado,Automatizado,,
ANU-COB-003,Mi Negocio,Ver anulados cobrados forzosamente,Muestra lista de cupones,Automatizado,Automatizado,,
ACP-PND-001,Mi Negocio,Ver aciertos pagos pendientes de entrega,Listado de aciertos pendientes,Automatizado,Automatizado,,
ACP-ENT-002,Mi Negocio,Ver aciertos pagos entregados,Listado de aciertos entregados,Automatizado,Automatizado,,
CTC-LST-001,Mi Negocio,Ver listado de movimientos en cuenta corriente,Saldo actual y movimientos,Automatizado,Automatizado,,
ACR-FUL-001,Mi Negocio,Ver aciertos recientes con detalle completo,Listado y despliegue de detalle con tap,Automatizado,Automatizado,,
CONFIGURACIÓN,,,,,,,,
SRT-CRG-001,Config,Ver sorteos actuales cargados,Se muestran los sorteos cargados,Automatizado,Automatizado,,
SRT-ACT-002,Config,Actualizar sorteos actuales,Se muestran los nuevos sorteos,Automatizado,Automatizado,,
ANULACIONES,,,,,,,,
CU-CAN-001,Anula,Anular ticket inmediato (Quiniela/Tómbola),Ticket anulado correctamente,Pendiente,,,,
CU-CAN-002,Anula,Anular ticket diferido (5 de Oro),Permite anular siempre que el sorteo no haya cerrado o pasado el tiempo límite,Aplica,Automatizado,,
CU-CAN-003,Anula,Intentar anular ticket fuera de plazo,Sistema arroja error "Anulación fuera de plazo",Aplica,Automatizado,,
CU-CAN-004,Anula,Anular ticket de Juego Instantáneo (Digitales / Recargas),Informa que el producto no permite anulación,Aplica,Automatizado,,
PAGOS DE ACIERTOS,,,,,,,,
CU-PAG-001,Pagos,Pagar acierto,Validación exitosa; emisión de comprobante de pago,Pendiente,,,,
CU-PAG-002,Pagos,Pagar acierto (Tómbola),Validación exitosa; emisión de comprobante de pago,Pendiente,,,,
CU-PAG-003,Pagos,Pago de ticket ganador menor a $10.000,Descuenta el monto del saldo de la terminal (Caja),Aplica,Automatizado,,
CU-PAG-004,Pagos,Pago de ticket con premio mayor (Dirigir a Banca),Muestra mensaje "Premio Mayor: Dirigirse a Banca",Aplica,Automatizado,,
CU-PAG-005,Pagos,Cobro ticket vencido (>30 días o según ley),-,Pendiente,Revisar mensajes y caso de uso,,,
IMPRESIÓN,,,,,,,,
CU-IMP-001,Printer,Impresión de ticket legible,CB legible por scanner; datos de agencia y fecha correctos,Pendiente,,,,
CU-IMP-002,Printer,Falta de papel durante impresión,Sistema detecta error y permite re-imprimir una vez cargado el papel,Pendiente,,,,
SIN CONECTIVIDAD (A DETERMINAR),,,,,,,,
CU-OFF-001,Offline,Intento de venta sin internet,Sistema debe informar falta de conexión (si no hay modo offline permitido),Pendiente,Pendiente de definir caso de uso,,,
CU-OFF-002,Offline,Reintento automático al recuperar conexión,Sincronización de transacciones pendientes en el POS,Pendiente,Pendiente de definir caso de uso,,,
UX Y NAVEGACIÓN,,,,,,,,
CU-NAV-001,UX,Tiempo de respuesta entre pantallas < 1s,Navegación fluida sin lags perceptibles,Pendiente,"v1.0.1+17 corre en debug build (sin AOT). La app se ve ~10fps vs la fluidez de la v1.0.1+12 (release). Confirmar en release mode antes de aprobar UX. Tema para reunión martes.",,,
REGLAS DE NEGOCIO (SORTEOS),,,,,,,,
CU-RN-001,Reglas,Control de horario de cierre estricto,No permite vender Quiniela/Tómbola si el reloj del POS > hora de cierre del sorteo,Pendiente,Revisar caso de uso,,,
CU-RN-002,Reglas,Importes mínimos y máximos por apuesta,Sistema valida que la apuesta esté en el rango permitido antes de emitir,Pendiente,,,,
ALTERNATIVAS,,,,,,,,
CU-ALT-001,Alternativas,Jugada rechazada SIN alternativa,Sistema informa jugada rechazada, solo deja confirmar,Pendiente,,,,
CU-ALT-002,Alternativas,Jugada rechazada CON alternativa,Sistema propone alternativas parciales de la banca,Pendiente,,,,
CU-ALT-003,Alternativas,Rechazar alternativa (No confirmar),Permite cancelar la operación sin agregar nada al carrito,Aplica,Automatizado,,
CU-ALT-004,Alternativas,Cerrar ventana de alternativas (X / Escape),Acción interpretada como rechazo implícito,Aplica,Automatizado,,
CARRITO,,,,,,,,
CU-CAR-001,Carrito,Acumulación de jugadas,Suma de importes correcta al agregar múltiples tickets (incluyendo alternativas aceptadas),Aplica,Automatizado,,
CU-CAR-002,Carrito,Eliminar una jugada específica del carrito,Permite quitar un ticket específico antes de la confirmación de pago,Aplica,Automatizado,,
CU-CAR-003,Carrito,Vaciar el carrito completamente,Eliminar todas las jugadas del carrito en una sola acción,Aplica,Automatizado,,
CU-CAR-004,Carrito,Intentar comprar con carrito vacío,Bloqueo de la acción de compra cuando no hay jugadas ingresadas,Aplica,Automatizado,,
BUGS A TESTEAR,,,,,,,,
BUG-TOM-001,Tómbola,Tecleo rápido terminando en '4' pierde el dígito al confirmar (v1.0.1+17),,✅ Pasa,Resuelto en v1.0.1+17,,,
BUG-5OR-001,5 de Oro,Consulta de Sorteo sin Resultados mostraba Pantalla Gris,,✅ Pasa,Resuelto en v1.0.1+17,,,
BUG-5OR-002,5 de Oro,"Selector de fecha queda deshabilitado tras visitar sorteo sin resultados (state leak a QUI/TOM)",,⛔ Falla,"Reproducido en v1.0.1+17. El calendario no abre en 5ORO sin resultados y contamina el estado de QUI/TOM hasta recargar con datos reales.",,,
BUG-5OR-003,5 de Oro,"Botón de acción cambia de Ingresar a Emitir prematuramente ante error de validación",,⛔ Falla,"Reproducido en v1.0.1+17. Al haber error en input focus, el botón permite emitir el carrito ignorando la jugada errónea.",,,
BUG-LOT-192,Lotería,QR impreso en cupón de Lotería es ilegible por tamaño reducido (v1.0.1+17),,Pendiente,Esperando siguiente sorteo,,,
BUG-CAR-001,Carrito,Banca ofrece alternativas parciales pero oculta el desglose por sorteo (v1.0.1+17),,⛔ Falla,Sin cambios en v1.0.1+17. Arrastrado desde v12.,,,
BUG-CFG-001,SO/Tablet,Cambiar sonido de Terminal bloquea la UI del POS,,✅ Pasa,Resuelto en v1.0.1+17 (PR #303 - debug signing fix),,,
BUG-CIE-005,Cierres,El cambio de cierre no se actualiza automáticamente al expirar fechaCierre,,⛔ Falla,"Persiste en v1.0.1+17. Fallo identificado en v12.",,,
BUG-QUI-001,Quiniela/Carrito,"App se cuelga en Autorizando cuando el servidor demora >100s y responde con jugadas rechazadas+alternativa (carrito mixto QUI+TOM)",,🔍 Observación,"Bajo investigación. Se sospecha interferencia por envío masivo de logs. authorizationId: 7e25da93.",,,
